"ID","PARENTID","SOBJECTTYPE","PERMISSIONSCREATE","PERMISSIONSREAD","PERMISSIONSEDIT","PERMISSIONSDELETE","PERMISSIONSVIEWALLRECORDS","PERMISSIONSMODIFYALLRECORDS","PARENT.LABEL","PARENT.ISOWNEDBYPROFILE"
"1104100000OF60DAAT","0PS41000000w22wGAA","Account","true","true","true","true","false","false","00e1a000000MWa8AAG","true"
"1104100000OF60FAAT","0PS41000000w22wGAA","Contact","true","true","true","true","false","false","00e1a000000MWa8AAG","true"
"1104100000OF60AAAT","0PS41000000w22wGAA","DandBCompany","false","true","false","false","false","false","00e1a000000MWa8AAG","true"
"1104100000OF60CAAT","0PS41000000w22wGAA","Document","true","true","true","true","false","false","00e1a000000MWa8AAG","true"
"1104100000OF60UAAT","0PS41000000w22wGAA","Goal","true","true","true","true","false","false","00e1a000000MWa8AAG","true"
"1104100000OF60PAAT","0PS41000000w22wGAA","GoalLink","true","true","true","true","false","false","00e1a000000MWa8AAG","true"
"1104100000OF60YAAT","0PS41000000w22wGAA","Idea","true","true","false","false","false","false","00e1a000000MWa8AAG","true"
"1104100000OF60OAAT","0PS41000000w22wGAA","Metric","true","true","true","true","false","false","00e1a000000MWa8AAG","true"
"1104100000OF60QAAT","0PS41000000w22wGAA","MetricDataLink","true","true","true","true","false","false","00e1a000000MWa8AAG","true"
"1104100000OF60XAAT","0PS41000000w22wGAA","PushTopic","true","true","true","true","false","false","00e1a000000MWa8AAG","true"
"1104100000OF60EAAT","0PS41000000w22wGAA","StreamingChannel","true","true","true","true","false","false","00e1a000000MWa8AAG","true"
"1104100000OF60IAAT","0PS41000000w22wGAA","WorkCoaching","true","true","true","true","false","false","00e1a000000MWa8AAG","true"
"1104100000OF60fAAD","0PS41000000w22wGAA","WorkFeedback","true","true","true","true","false","false","00e1a000000MWa8AAG","true"
"1104100000OF60cAAD","0PS41000000w22wGAA","WorkFeedbackQuestion","true","true","true","true","false","false","00e1a000000MWa8AAG","true"
"1104100000OF60dAAD","0PS41000000w22wGAA","WorkFeedbackQuestionSet","true","true","true","true","false","false","00e1a000000MWa8AAG","true"
"1104100000OF60eAAD","0PS41000000w22wGAA","WorkFeedbackRequest","true","true","true","true","false","false","00e1a000000MWa8AAG","true"
"1104100000OF60ZAAT","0PS41000000w22wGAA","WorkFeedbackTemplate","true","true","true","true","false","false","00e1a000000MWa8AAG","true"
"1104100000OF60RAAT","0PS41000000w22wGAA","WorkPerformanceCycle","true","true","true","true","false","false","00e1a000000MWa8AAG","true"
"1104100000OF6EMAA1","0PS41000000w22xGAA","Account","true","true","true","true","false","false","00ex00000018ozl_128_09_04_12_5","true"
"1104100000OF6ENAA1","0PS41000000w22xGAA","Asset","true","true","true","true","false","false","00ex00000018ozl_128_09_04_12_5","true"
"1104100000OF6EOAA1","0PS41000000w22xGAA","Campaign","true","true","true","true","false","false","00ex00000018ozl_128_09_04_12_5","true"
"1104100000OF6EPAA1","0PS41000000w22xGAA","Case","true","true","true","false","false","false","00ex00000018ozl_128_09_04_12_5","true"
"1104100000OF6EQAA1","0PS41000000w22xGAA","Contact","true","true","true","true","false","false","00ex00000018ozl_128_09_04_12_5","true"
"1104100000OF6ERAA1","0PS41000000w22xGAA","Contract","false","true","false","false","false","false","00ex00000018ozl_128_09_04_12_5","true"
"1104100000OF6ESAA1","0PS41000000w22xGAA","Document","false","true","false","false","false","false","00ex00000018ozl_128_09_04_12_5","true"
"1104100000OF6ETAA1","0PS41000000w22xGAA","Lead","true","true","true","true","false","false","00ex00000018ozl_128_09_04_12_5","true"
"1104100000OF6EUAA1","0PS41000000w22xGAA","Opportunity","true","true","true","true","false","false","00ex00000018ozl_128_09_04_12_5","true"
"1104100000OF6EVAA1","0PS41000000w22xGAA","Pricebook2","false","true","false","false","false","false","00ex00000018ozl_128_09_04_12_5","true"
"1104100000OF6EWAA1","0PS41000000w22xGAA","Product2","false","true","false","false","false","false","00ex00000018ozl_128_09_04_12_5","true"
"1104100000OF6EXAA1","0PS41000000w22xGAA","Solution","true","true","false","false","false","false","00ex00000018ozl_128_09_04_12_5","true"
"1104100000OF6EYAA1","0PS41000000w22yGAA","Account","true","true","true","true","false","false","00ex00000018ozm_128_09_04_12_6","true"
"1104100000OF6EZAA1","0PS41000000w22yGAA","Asset","true","true","true","true","false","false","00ex00000018ozm_128_09_04_12_6","true"
"1104100000OF6EaAAL","0PS41000000w22yGAA","Campaign","true","true","true","true","false","false","00ex00000018ozm_128_09_04_12_6","true"
"1104100000OF6EbAAL","0PS41000000w22yGAA","Case","true","true","true","false","false","false","00ex00000018ozm_128_09_04_12_6","true"
"1104100000OF6EcAAL","0PS41000000w22yGAA","Contact","true","true","true","true","false","false","00ex00000018ozm_128_09_04_12_6","true"
"1104100000OF6EdAAL","0PS41000000w22yGAA","Contract","false","true","false","false","false","false","00ex00000018ozm_128_09_04_12_6","true"
"1104100000OF6EeAAL","0PS41000000w22yGAA","Document","false","true","false","false","false","false","00ex00000018ozm_128_09_04_12_6","true"
"1104100000OF6EfAAL","0PS41000000w22yGAA","Lead","true","true","true","true","false","false","00ex00000018ozm_128_09_04_12_6","true"
"1104100000OF6EgAAL","0PS41000000w22yGAA","Opportunity","true","true","true","true","false","false","00ex00000018ozm_128_09_04_12_6","true"
"1104100000OF6EhAAL","0PS41000000w22yGAA","Pricebook2","false","true","false","false","false","false","00ex00000018ozm_128_09_04_12_6","true"
"1104100000OF6EiAAL","0PS41000000w22yGAA","Product2","false","true","false","false","false","false","00ex00000018ozm_128_09_04_12_6","true"
"1104100000OF6EjAAL","0PS41000000w22yGAA","Solution","true","true","false","false","false","false","00ex00000018ozm_128_09_04_12_6","true"
"1104100000OF6E9AAL","0PS41000000w22zGAA","Account","false","true","false","false","false","false","00ex00000018ozk_128_09_04_12_4","true"
"1104100000OF6EAAA1","0PS41000000w22zGAA","Asset","false","true","false","false","false","false","00ex00000018ozk_128_09_04_12_4","true"
"1104100000OF6EBAA1","0PS41000000w22zGAA","Campaign","false","true","false","false","false","false","00ex00000018ozk_128_09_04_12_4","true"
"1104100000OF6ECAA1","0PS41000000w22zGAA","Case","false","true","false","false","false","false","00ex00000018ozk_128_09_04_12_4","true"
"1104100000OF6EDAA1","0PS41000000w22zGAA","Contact","false","true","false","false","false","false","00ex00000018ozk_128_09_04_12_4","true"
"1104100000OF6EEAA1","0PS41000000w22zGAA","Contract","false","true","false","false","false","false","00ex00000018ozk_128_09_04_12_4","true"
"1104100000OF6BVAA1","0PS41000000w22zGAA","DandBCompany","false","true","false","false","false","false","00ex00000018ozk_128_09_04_12_4","true"
"1104100000OF6EFAA1","0PS41000000w22zGAA","Document","false","true","false","false","false","false","00ex00000018ozk_128_09_04_12_4","true"
"1104100000OF6HlAAL","0PS41000000w22zGAA","Goal","false","true","false","false","false","false","00ex00000018ozk_128_09_04_12_4","true"
"1104100000OF6HjAAL","0PS41000000w22zGAA","GoalLink","false","true","false","false","false","false","00ex00000018ozk_128_09_04_12_4","true"
"1104100000OF6EGAA1","0PS41000000w22zGAA","Idea","false","true","false","false","false","false","00ex00000018ozk_128_09_04_12_4","true"
"1104100000OF6EHAA1","0PS41000000w22zGAA","Lead","false","true","false","false","false","false","00ex00000018ozk_128_09_04_12_4","true"
"1104100000OF6AEAA1","0PS41000000w22zGAA","Macro","false","true","false","false","false","false","00ex00000018ozk_128_09_04_12_4","true"
"1104100000OF6HkAAL","0PS41000000w22zGAA","Metric","false","true","false","false","false","false","00ex00000018ozk_128_09_04_12_4","true"
"1104100000OF6HiAAL","0PS41000000w22zGAA","MetricDataLink","false","true","false","false","false","false","00ex00000018ozk_128_09_04_12_4","true"
"1104100000OF6EIAA1","0PS41000000w22zGAA","Opportunity","false","true","false","false","false","false","00ex00000018ozk_128_09_04_12_4","true"
"1104100000OF6GfAAL","0PS41000000w22zGAA","Order","false","true","false","false","false","false","00ex00000018ozk_128_09_04_12_4","true"
"1104100000OF6EJAA1","0PS41000000w22zGAA","Pricebook2","false","true","false","false","false","false","00ex00000018ozk_128_09_04_12_4","true"
"1104100000OF6EKAA1","0PS41000000w22zGAA","Product2","false","true","false","false","false","false","00ex00000018ozk_128_09_04_12_4","true"
"1104100000OF6ELAA1","0PS41000000w22zGAA","Solution","false","true","false","false","false","false","00ex00000018ozk_128_09_04_12_4","true"
"1104100000OF6CXAA1","0PS41000000w22zGAA","WorkCoaching","false","true","false","false","false","false","00ex00000018ozk_128_09_04_12_4","true"
"1104100000OF6BBAA1","0PS41000000w22zGAA","WorkFeedback","false","true","false","false","false","false","00ex00000018ozk_128_09_04_12_4","true"
"1104100000OF6B8AAL","0PS41000000w22zGAA","WorkFeedbackQuestion","false","true","false","false","false","false","00ex00000018ozk_128_09_04_12_4","true"
"1104100000OF6B9AAL","0PS41000000w22zGAA","WorkFeedbackQuestionSet","false","true","false","false","false","false","00ex00000018ozk_128_09_04_12_4","true"
"1104100000OF6BAAA1","0PS41000000w22zGAA","WorkFeedbackRequest","false","true","false","false","false","false","00ex00000018ozk_128_09_04_12_4","true"
"1104100000OF6B7AAL","0PS41000000w22zGAA","WorkFeedbackTemplate","false","true","false","false","false","false","00ex00000018ozk_128_09_04_12_4","true"
"1104100000OF6BGAA1","0PS41000000w22zGAA","WorkPerformanceCycle","false","true","false","false","false","false","00ex00000018ozk_128_09_04_12_4","true"
"1104100000OF6DwAAL","0PS41000000w230GAA","Account","true","true","true","true","false","false","00ex00000018ozj_128_09_04_12_3","true"
"1104100000OF6DxAAL","0PS41000000w230GAA","Asset","true","true","true","true","false","false","00ex00000018ozj_128_09_04_12_3","true"
"1104100000OF6DyAAL","0PS41000000w230GAA","Campaign","false","true","false","false","false","false","00ex00000018ozj_128_09_04_12_3","true"
"1104100000OF6DzAAL","0PS41000000w230GAA","Case","true","true","true","false","false","false","00ex00000018ozj_128_09_04_12_3","true"
"1104100000OF6E0AAL","0PS41000000w230GAA","Contact","true","true","true","true","false","false","00ex00000018ozj_128_09_04_12_3","true"
"1104100000OF6E1AAL","0PS41000000w230GAA","Contract","true","true","true","true","false","false","00ex00000018ozj_128_09_04_12_3","true"
"1104100000OF6BWAA1","0PS41000000w230GAA","DandBCompany","false","true","false","false","false","false","00ex00000018ozj_128_09_04_12_3","true"
"1104100000OF6E2AAL","0PS41000000w230GAA","Document","true","true","true","true","false","false","00ex00000018ozj_128_09_04_12_3","true"
"1104100000OF6E3AAL","0PS41000000w230GAA","Idea","true","true","false","false","false","false","00ex00000018ozj_128_09_04_12_3","true"
"1104100000OF6E4AAL","0PS41000000w230GAA","Lead","true","true","true","true","false","false","00ex00000018ozj_128_09_04_12_3","true"
"1104100000OF6E5AAL","0PS41000000w230GAA","Opportunity","true","true","true","true","false","false","00ex00000018ozj_128_09_04_12_3","true"
"1104100000OF6GeAAL","0PS41000000w230GAA","Order","true","true","true","true","false","false","00ex00000018ozj_128_09_04_12_3","true"
"1104100000OF6E6AAL","0PS41000000w230GAA","Pricebook2","false","true","false","false","false","false","00ex00000018ozj_128_09_04_12_3","true"
"1104100000OF6E7AAL","0PS41000000w230GAA","Product2","false","true","false","false","false","false","00ex00000018ozj_128_09_04_12_3","true"
"1104100000OF6E8AAL","0PS41000000w230GAA","Solution","true","true","true","true","false","false","00ex00000018ozj_128_09_04_12_3","true"
"1104100000OF6ANAA1","0PS41000000w230GAA","StreamingChannel","true","true","true","true","false","false","00ex00000018ozj_128_09_04_12_3","true"
"1104100000OF6EwAAL","0PS41000000w231GAA","Account","true","true","true","true","false","false","00ex00000018ozo_128_09_04_12_8","true"
"1104100000OF6ExAAL","0PS41000000w231GAA","Asset","true","true","true","true","false","false","00ex00000018ozo_128_09_04_12_8","true"
"1104100000OF6EyAAL","0PS41000000w231GAA","Campaign","true","true","true","true","false","false","00ex00000018ozo_128_09_04_12_8","true"
"1104100000OF6EzAAL","0PS41000000w231GAA","Case","true","true","true","false","false","false","00ex00000018ozo_128_09_04_12_8","true"
"1104100000OF6F0AAL","0PS41000000w231GAA","Contact","true","true","true","true","false","false","00ex00000018ozo_128_09_04_12_8","true"
"1104100000OF6F1AAL","0PS41000000w231GAA","Contract","true","true","true","true","false","false","00ex00000018ozo_128_09_04_12_8","true"
"1104100000OF6BXAA1","0PS41000000w231GAA","DandBCompany","false","true","false","false","false","false","00ex00000018ozo_128_09_04_12_8","true"
"1104100000OF6F2AAL","0PS41000000w231GAA","Document","true","true","true","true","false","false","00ex00000018ozo_128_09_04_12_8","true"
"1104100000OF6F3AAL","0PS41000000w231GAA","Idea","true","true","false","false","false","false","00ex00000018ozo_128_09_04_12_8","true"
"1104100000OF6F4AAL","0PS41000000w231GAA","Lead","true","true","true","true","false","false","00ex00000018ozo_128_09_04_12_8","true"
"1104100000OF6F5AAL","0PS41000000w231GAA","Opportunity","true","true","true","true","false","false","00ex00000018ozo_128_09_04_12_8","true"
"1104100000OF6GgAAL","0PS41000000w231GAA","Order","true","true","true","true","false","false","00ex00000018ozo_128_09_04_12_8","true"
"1104100000OF6F6AAL","0PS41000000w231GAA","Pricebook2","false","true","false","false","false","false","00ex00000018ozo_128_09_04_12_8","true"
"1104100000OF6F7AAL","0PS41000000w231GAA","Product2","false","true","false","false","false","false","00ex00000018ozo_128_09_04_12_8","true"
"1104100000OF6F8AAL","0PS41000000w231GAA","Solution","true","true","false","false","false","false","00ex00000018ozo_128_09_04_12_8","true"
"1104100000OF6AOAA1","0PS41000000w231GAA","StreamingChannel","true","true","true","true","false","false","00ex00000018ozo_128_09_04_12_8","true"
"1104100000OF6KvAAL","0PS41000000w232GAA","Account","true","true","true","true","true","true","00ex00000018ozh_128_09_04_12_1","true"
"1104100000OF6KRAA1","0PS41000000w232GAA","Asset","true","true","true","true","true","true","00ex00000018ozh_128_09_04_12_1","true"
"1104100000OF6KeAAL","0PS41000000w232GAA","Campaign","true","true","true","true","true","true","00ex00000018ozh_128_09_04_12_1","true"
"1104100000OF6KQAA1","0PS41000000w232GAA","Case","true","true","true","true","true","true","00ex00000018ozh_128_09_04_12_1","true"
"1104100000OF6LNAA1","0PS41000000w232GAA","Contact","true","true","true","true","true","true","00ex00000018ozh_128_09_04_12_1","true"
"1104100000OF6LPAA1","0PS41000000w232GAA","Contract","true","true","true","true","true","true","00ex00000018ozh_128_09_04_12_1","true"
"1104100000OF6KcAAL","0PS41000000w232GAA","DandBCompany","true","true","true","true","true","true","00ex00000018ozh_128_09_04_12_1","true"
"1104100000OF6LKAA1","0PS41000000w232GAA","Document","true","true","true","true","true","true","00ex00000018ozh_128_09_04_12_1","true"
"1104100000OF6LBAA1","0PS41000000w232GAA","DuplicateRecordSet","true","true","true","true","true","true","00ex00000018ozh_128_09_04_12_1","true"
"1104100000OF6LDAA1","0PS41000000w232GAA","Goal","true","true","true","true","true","true","00ex00000018ozh_128_09_04_12_1","true"
"1104100000OF6LAAA1","0PS41000000w232GAA","GoalLink","true","true","true","true","true","true","00ex00000018ozh_128_09_04_12_1","true"
"1104100000OF6L1AAL","0PS41000000w232GAA","Idea","true","true","true","true","true","true","00ex00000018ozh_128_09_04_12_1","true"
"1104100000OF6KEAA1","0PS41000000w232GAA","Lead","true","true","true","true","true","true","00ex00000018ozh_128_09_04_12_1","true"
"1104100000OF6L0AAL","0PS41000000w232GAA","Macro","true","true","true","true","true","true","00ex00000018ozh_128_09_04_12_1","true"
"1104100000OF6KYAA1","0PS41000000w232GAA","Metric","true","true","true","true","true","true","00ex00000018ozh_128_09_04_12_1","true"
"1104100000OF6K8AAL","0PS41000000w232GAA","MetricDataLink","true","true","true","true","true","true","00ex00000018ozh_128_09_04_12_1","true"
"1104100000OF6L8AAL","0PS41000000w232GAA","Opportunity","true","true","true","true","true","true","00ex00000018ozh_128_09_04_12_1","true"
"1104100000OF6KwAAL","0PS41000000w232GAA","Order","true","true","true","true","true","true","00ex00000018ozh_128_09_04_12_1","true"
"1104100000OF6KyAAL","0PS41000000w232GAA","Pricebook2","true","true","true","true","true","true","00ex00000018ozh_128_09_04_12_1","true"
"1104100000OF6KxAAL","0PS41000000w232GAA","Product2","true","true","true","true","true","true","00ex00000018ozh_128_09_04_12_1","true"
"1104100000OF6KOAA1","0PS41000000w232GAA","PushTopic","true","true","true","true","true","true","00ex00000018ozh_128_09_04_12_1","true"
"1104100000OF6LCAA1","0PS41000000w232GAA","Solution","true","true","true","true","true","true","00ex00000018ozh_128_09_04_12_1","true"
"1104100000OF6LOAA1","0PS41000000w232GAA","StreamingChannel","true","true","true","true","true","true","00ex00000018ozh_128_09_04_12_1","true"
"1104100000OF6KzAAL","0PS41000000w232GAA","WorkCoaching","true","true","true","true","true","true","00ex00000018ozh_128_09_04_12_1","true"
"1104100000OF6KjAAL","0PS41000000w232GAA","WorkFeedback","true","true","true","true","true","true","00ex00000018ozh_128_09_04_12_1","true"
"1104100000OF6LVAA1","0PS41000000w232GAA","WorkFeedbackQuestion","true","true","true","true","true","true","00ex00000018ozh_128_09_04_12_1","true"
"1104100000OF6KmAAL","0PS41000000w232GAA","WorkFeedbackQuestionSet","true","true","true","true","true","true","00ex00000018ozh_128_09_04_12_1","true"
"1104100000OF6LIAA1","0PS41000000w232GAA","WorkFeedbackRequest","true","true","true","true","true","true","00ex00000018ozh_128_09_04_12_1","true"
"1104100000OF6K5AAL","0PS41000000w232GAA","WorkFeedbackTemplate","true","true","true","true","true","true","00ex00000018ozh_128_09_04_12_1","true"
"1104100000OF6KuAAL","0PS41000000w232GAA","WorkPerformanceCycle","true","true","true","true","true","true","00ex00000018ozh_128_09_04_12_1","true"
"1104100000OF6FMAA1","0PS41000000w233GAA","Account","true","true","true","true","false","false","00ex00000018ozq_128_09_04_12_10","true"
"1104100000OF6FNAA1","0PS41000000w233GAA","Asset","true","true","true","true","false","false","00ex00000018ozq_128_09_04_12_10","true"
"1104100000OF6FOAA1","0PS41000000w233GAA","Campaign","false","true","false","false","false","false","00ex00000018ozq_128_09_04_12_10","true"
"1104100000OF6FPAA1","0PS41000000w233GAA","Case","true","true","true","false","false","false","00ex00000018ozq_128_09_04_12_10","true"
"1104100000OF6FQAA1","0PS41000000w233GAA","Contact","true","true","true","true","false","false","00ex00000018ozq_128_09_04_12_10","true"
"1104100000OF6FRAA1","0PS41000000w233GAA","Contract","true","true","true","true","false","false","00ex00000018ozq_128_09_04_12_10","true"
"1104100000OF6BUAA1","0PS41000000w233GAA","DandBCompany","false","true","false","false","false","false","00ex00000018ozq_128_09_04_12_10","true"
"1104100000OF6FSAA1","0PS41000000w233GAA","Document","true","true","true","true","false","false","00ex00000018ozq_128_09_04_12_10","true"
"1104100000OF6HhAAL","0PS41000000w233GAA","Goal","true","true","true","true","false","false","00ex00000018ozq_128_09_04_12_10","true"
"1104100000OF6HfAAL","0PS41000000w233GAA","GoalLink","true","true","true","true","false","false","00ex00000018ozq_128_09_04_12_10","true"
"1104100000OF6FTAA1","0PS41000000w233GAA","Idea","true","true","false","false","false","false","00ex00000018ozq_128_09_04_12_10","true"
"1104100000OF6FUAA1","0PS41000000w233GAA","Lead","true","true","true","true","false","false","00ex00000018ozq_128_09_04_12_10","true"
"1104100000OF6ADAA1","0PS41000000w233GAA","Macro","false","true","false","false","false","false","00ex00000018ozq_128_09_04_12_10","true"
"1104100000OF6HgAAL","0PS41000000w233GAA","Metric","true","true","true","true","false","false","00ex00000018ozq_128_09_04_12_10","true"
"1104100000OF6HeAAL","0PS41000000w233GAA","MetricDataLink","true","true","true","true","false","false","00ex00000018ozq_128_09_04_12_10","true"
"1104100000OF6FVAA1","0PS41000000w233GAA","Opportunity","true","true","true","true","false","false","00ex00000018ozq_128_09_04_12_10","true"
"1104100000OF6GiAAL","0PS41000000w233GAA","Order","true","true","true","true","false","false","00ex00000018ozq_128_09_04_12_10","true"
"1104100000OF6FWAA1","0PS41000000w233GAA","Pricebook2","false","true","false","false","false","false","00ex00000018ozq_128_09_04_12_10","true"
"1104100000OF6FXAA1","0PS41000000w233GAA","Product2","false","true","false","false","false","false","00ex00000018ozq_128_09_04_12_10","true"
"1104100000OF6FYAA1","0PS41000000w233GAA","Solution","true","true","false","false","false","false","00ex00000018ozq_128_09_04_12_10","true"
"1104100000OF6AMAA1","0PS41000000w233GAA","StreamingChannel","true","true","true","true","false","false","00ex00000018ozq_128_09_04_12_10","true"
"1104100000OF6CWAA1","0PS41000000w233GAA","WorkCoaching","true","true","true","false","false","false","00ex00000018ozq_128_09_04_12_10","true"
"1104100000OF6B6AAL","0PS41000000w233GAA","WorkFeedback","true","true","true","false","false","false","00ex00000018ozq_128_09_04_12_10","true"
"1104100000OF6B3AAL","0PS41000000w233GAA","WorkFeedbackQuestion","true","true","true","false","false","false","00ex00000018ozq_128_09_04_12_10","true"
"1104100000OF6B4AAL","0PS41000000w233GAA","WorkFeedbackQuestionSet","true","true","true","false","false","false","00ex00000018ozq_128_09_04_12_10","true"
"1104100000OF6B5AAL","0PS41000000w233GAA","WorkFeedbackRequest","true","true","true","false","false","false","00ex00000018ozq_128_09_04_12_10","true"
"1104100000OF6B2AAL","0PS41000000w233GAA","WorkFeedbackTemplate","true","true","true","false","false","false","00ex00000018ozq_128_09_04_12_10","true"
"1104100000OF6BFAA1","0PS41000000w233GAA","WorkPerformanceCycle","false","true","false","false","false","false","00ex00000018ozq_128_09_04_12_10","true"
"1104100000OF6F9AAL","0PS41000000w234GAA","Account","true","true","true","true","false","false","00ex00000018ozp_128_09_04_12_9","true"
"1104100000OF6FAAA1","0PS41000000w234GAA","Asset","true","true","true","true","false","false","00ex00000018ozp_128_09_04_12_9","true"
"1104100000OF6FBAA1","0PS41000000w234GAA","Campaign","false","true","false","false","false","false","00ex00000018ozp_128_09_04_12_9","true"
"1104100000OF6FCAA1","0PS41000000w234GAA","Case","true","true","true","false","false","false","00ex00000018ozp_128_09_04_12_9","true"
"1104100000OF6FDAA1","0PS41000000w234GAA","Contact","true","true","true","true","false","false","00ex00000018ozp_128_09_04_12_9","true"
"1104100000OF6FEAA1","0PS41000000w234GAA","Contract","true","true","true","true","false","false","00ex00000018ozp_128_09_04_12_9","true"
"1104100000OF6BYAA1","0PS41000000w234GAA","DandBCompany","false","true","false","false","false","false","00ex00000018ozp_128_09_04_12_9","true"
"1104100000OF6FFAA1","0PS41000000w234GAA","Document","true","true","true","true","false","false","00ex00000018ozp_128_09_04_12_9","true"
"1104100000OF6HmAAL","0PS41000000w234GAA","Goal","true","true","true","true","false","false","00ex00000018ozp_128_09_04_12_9","true"
"1104100000OF6FGAA1","0PS41000000w234GAA","Idea","true","true","false","false","false","false","00ex00000018ozp_128_09_04_12_9","true"
"1104100000OF6FHAA1","0PS41000000w234GAA","Lead","true","true","true","true","false","false","00ex00000018ozp_128_09_04_12_9","true"
"1104100000OF6FIAA1","0PS41000000w234GAA","Opportunity","true","true","true","true","false","false","00ex00000018ozp_128_09_04_12_9","true"
"1104100000OF6GhAAL","0PS41000000w234GAA","Order","true","true","true","true","false","false","00ex00000018ozp_128_09_04_12_9","true"
"1104100000OF6FJAA1","0PS41000000w234GAA","Pricebook2","false","true","false","false","false","false","00ex00000018ozp_128_09_04_12_9","true"
"1104100000OF6FKAA1","0PS41000000w234GAA","Product2","false","true","false","false","false","false","00ex00000018ozp_128_09_04_12_9","true"
"1104100000OF6FLAA1","0PS41000000w234GAA","Solution","true","true","false","false","false","false","00ex00000018ozp_128_09_04_12_9","true"
"1104100000OF6APAA1","0PS41000000w234GAA","StreamingChannel","true","true","true","true","false","false","00ex00000018ozp_128_09_04_12_9","true"
"1104100000OF6EkAAL","0PS41000000w235GAA","Account","true","true","true","true","false","false","00ex00000018ozn_128_09_04_12_7","true"
"1104100000OF6ElAAL","0PS41000000w235GAA","Asset","true","true","true","true","false","false","00ex00000018ozn_128_09_04_12_7","true"
"1104100000OF6EmAAL","0PS41000000w235GAA","Campaign","true","true","true","true","false","false","00ex00000018ozn_128_09_04_12_7","true"
"1104100000OF6EnAAL","0PS41000000w235GAA","Case","true","true","true","true","false","false","00ex00000018ozn_128_09_04_12_7","true"
"1104100000OF6EoAAL","0PS41000000w235GAA","Contact","true","true","true","true","false","false","00ex00000018ozn_128_09_04_12_7","true"
"1104100000OF6EpAAL","0PS41000000w235GAA","Contract","false","true","false","false","false","false","00ex00000018ozn_128_09_04_12_7","true"
"1104100000OF6EqAAL","0PS41000000w235GAA","Document","false","true","false","false","false","false","00ex00000018ozn_128_09_04_12_7","true"
"1104100000OF6ErAAL","0PS41000000w235GAA","Lead","true","true","true","true","false","false","00ex00000018ozn_128_09_04_12_7","true"
"1104100000OF6EsAAL","0PS41000000w235GAA","Opportunity","true","true","true","true","false","false","00ex00000018ozn_128_09_04_12_7","true"
"1104100000OF6EtAAL","0PS41000000w235GAA","Pricebook2","false","true","false","false","false","false","00ex00000018ozn_128_09_04_12_7","true"
"1104100000OF6EuAAL","0PS41000000w235GAA","Product2","false","true","false","false","false","false","00ex00000018ozn_128_09_04_12_7","true"
"1104100000OF6EvAAL","0PS41000000w235GAA","Solution","true","true","true","true","false","false","00ex00000018ozn_128_09_04_12_7","true"
"1104100000OF65eAAD","0PS41000000w236GAA","Account","false","true","true","false","false","false","00e1a000000MWa9AAG","true"
"1104100000OF65WAAT","0PS41000000w236GAA","Asset","true","true","true","false","false","false","00e1a000000MWa9AAG","true"
"1104100000OF65UAAT","0PS41000000w236GAA","Case","true","true","true","false","false","false","00e1a000000MWa9AAG","true"
"1104100000OF65XAAT","0PS41000000w236GAA","Contact","true","true","true","false","false","false","00e1a000000MWa9AAG","true"
"1104100000OF65TAAT","0PS41000000w236GAA","Contract","true","true","true","true","false","false","00e1a000000MWa9AAG","true"
"1104100000OF65bAAD","0PS41000000w236GAA","Document","false","true","false","false","false","false","00e1a000000MWa9AAG","true"
"1104100000OF65hAAD","0PS41000000w236GAA","Idea","true","true","false","false","false","false","00e1a000000MWa9AAG","true"
"1104100000OF65YAAT","0PS41000000w236GAA","Order","true","true","true","true","false","false","00e1a000000MWa9AAG","true"
"1104100000OF65VAAT","0PS41000000w236GAA","Pricebook2","false","true","false","false","false","false","00e1a000000MWa9AAG","true"
"1104100000OF65gAAD","0PS41000000w236GAA","Product2","false","true","false","false","false","false","00e1a000000MWa9AAG","true"
"1104100000OF65dAAD","0PS41000000w236GAA","Solution","false","true","false","false","false","false","00e1a000000MWa9AAG","true"
"1104100000OF65nAAD","0PS41000000w237GAA","Document","false","true","false","false","false","false","00e1a000000MWaBAAW","true"
"1104100000OF65lAAD","0PS41000000w237GAA","Pricebook2","false","true","false","false","false","false","00e1a000000MWaBAAW","true"
"1104100000OF65mAAD","0PS41000000w237GAA","Product2","false","true","false","false","false","false","00e1a000000MWaBAAW","true"
"1104100000OF65rAAD","0PS41000000w238GAA","Document","true","true","true","true","true","true","00e1a000000MWaCAAW","true"
"1104100000OF65sAAD","0PS41000000w238GAA","Goal","true","true","true","true","false","false","00e1a000000MWaCAAW","true"
"1104100000OF665AAD","0PS41000000w238GAA","GoalLink","true","true","true","true","false","false","00e1a000000MWaCAAW","true"
"1104100000OF65zAAD","0PS41000000w238GAA","Metric","true","true","true","true","false","false","00e1a000000MWaCAAW","true"
"1104100000OF661AAD","0PS41000000w238GAA","MetricDataLink","true","true","true","true","false","false","00e1a000000MWaCAAW","true"
"1104100000OF65wAAD","0PS41000000w238GAA","PushTopic","true","true","true","true","true","true","00e1a000000MWaCAAW","true"
"1104100000OF65uAAD","0PS41000000w238GAA","WorkCoaching","true","true","true","false","false","false","00e1a000000MWaCAAW","true"
"1104100000OF660AAD","0PS41000000w238GAA","WorkFeedback","true","true","true","false","false","false","00e1a000000MWaCAAW","true"
"1104100000OF65yAAD","0PS41000000w238GAA","WorkFeedbackQuestion","true","true","true","false","false","false","00e1a000000MWaCAAW","true"
"1104100000OF65tAAD","0PS41000000w238GAA","WorkFeedbackQuestionSet","true","true","true","false","false","false","00e1a000000MWaCAAW","true"
"1104100000OF662AAD","0PS41000000w238GAA","WorkFeedbackRequest","true","true","true","false","false","false","00e1a000000MWaCAAW","true"
"1104100000OF65pAAD","0PS41000000w238GAA","WorkFeedbackTemplate","true","true","true","false","false","false","00e1a000000MWaCAAW","true"
"1104100000OF66EAAT","0PS41000000w238GAA","WorkPerformanceCycle","false","true","false","false","false","false","00e1a000000MWaCAAW","true"
"1104100000OF66SAAT","0PS41000000w239GAA","Account","true","true","true","false","false","false","00e1a000000MWaDAAW","true"
"1104100000OF66JAAT","0PS41000000w239GAA","Asset","true","true","true","false","false","false","00e1a000000MWaDAAW","true"
"1104100000OF66HAAT","0PS41000000w239GAA","Case","true","true","true","false","false","false","00e1a000000MWaDAAW","true"
"1104100000OF66LAAT","0PS41000000w239GAA","Contact","true","true","true","false","false","false","00e1a000000MWaDAAW","true"
"1104100000OF66GAAT","0PS41000000w239GAA","Contract","true","true","true","true","false","false","00e1a000000MWaDAAW","true"
"1104100000OF66PAAT","0PS41000000w239GAA","Document","false","true","false","false","false","false","00e1a000000MWaDAAW","true"
"1104100000OF66VAAT","0PS41000000w239GAA","Idea","true","true","false","false","false","false","00e1a000000MWaDAAW","true"
"1104100000OF66MAAT","0PS41000000w239GAA","Order","true","true","true","true","false","false","00e1a000000MWaDAAW","true"
"1104100000OF66IAAT","0PS41000000w239GAA","Pricebook2","false","true","false","false","false","false","00e1a000000MWaDAAW","true"
"1104100000OF66UAAT","0PS41000000w239GAA","Product2","false","true","false","false","false","false","00e1a000000MWaDAAW","true"
"1104100000OF66RAAT","0PS41000000w239GAA","Solution","false","true","false","false","false","false","00e1a000000MWaDAAW","true"
"1104100000OF66WAAT","0PS41000000w23AGAQ","PushTopic","true","true","true","true","false","false","00e1a000000MWaEAAW","true"
"1104100000OF66jAAD","0PS41000000w23BGAQ","Account","true","true","true","false","false","false","00e1a000000MWaFAAW","true"
"1104100000OF66aAAD","0PS41000000w23BGAQ","Asset","true","true","true","false","false","false","00e1a000000MWaFAAW","true"
"1104100000OF66YAAT","0PS41000000w23BGAQ","Case","true","true","true","false","false","false","00e1a000000MWaFAAW","true"
"1104100000OF66cAAD","0PS41000000w23BGAQ","Contact","true","true","true","false","false","false","00e1a000000MWaFAAW","true"
"1104100000OF66XAAT","0PS41000000w23BGAQ","Contract","true","true","true","true","false","false","00e1a000000MWaFAAW","true"
"1104100000OF66gAAD","0PS41000000w23BGAQ","Document","false","true","false","false","false","false","00e1a000000MWaFAAW","true"
"1104100000OF66mAAD","0PS41000000w23BGAQ","Idea","true","true","false","false","false","false","00e1a000000MWaFAAW","true"
"1104100000OF66dAAD","0PS41000000w23BGAQ","Order","true","true","true","true","false","false","00e1a000000MWaFAAW","true"
"1104100000OF66ZAAT","0PS41000000w23BGAQ","Pricebook2","false","true","false","false","false","false","00e1a000000MWaFAAW","true"
"1104100000OF66lAAD","0PS41000000w23BGAQ","Product2","false","true","false","false","false","false","00e1a000000MWaFAAW","true"
"1104100000OF66iAAD","0PS41000000w23BGAQ","Solution","false","true","false","false","false","false","00e1a000000MWaFAAW","true"
"1104100000OF66uAAD","0PS41000000w23CGAQ","Account","false","true","true","false","false","false","00e1a000000MWaGAAW","true"
"1104100000OF66zAAD","0PS41000000w23CGAQ","Campaign","false","true","false","false","false","false","00e1a000000MWaGAAW","true"
"1104100000OF66yAAD","0PS41000000w23CGAQ","Contact","false","true","false","false","false","false","00e1a000000MWaGAAW","true"
"1104100000OF66qAAD","0PS41000000w23CGAQ","Document","false","true","false","false","false","false","00e1a000000MWaGAAW","true"
"1104100000OF66wAAD","0PS41000000w23CGAQ","Idea","true","true","false","false","false","false","00e1a000000MWaGAAW","true"
"1104100000OF66tAAD","0PS41000000w23CGAQ","Lead","true","true","true","false","false","false","00e1a000000MWaGAAW","true"
"1104100000OF66sAAD","0PS41000000w23CGAQ","Solution","false","true","false","false","false","false","00e1a000000MWaGAAW","true"
"1104100000OF676AAD","0PS41000000w23DGAQ","Account","false","true","true","false","false","false","00e1a000000MWaHAAW","true"
"1104100000OF672AAD","0PS41000000w23DGAQ","Asset","true","true","true","false","false","false","00e1a000000MWaHAAW","true"
"1104100000OF670AAD","0PS41000000w23DGAQ","Case","true","true","true","false","false","false","00e1a000000MWaHAAW","true"
"1104100000OF673AAD","0PS41000000w23DGAQ","Contact","true","true","true","false","false","false","00e1a000000MWaHAAW","true"
"1104100000OF675AAD","0PS41000000w23DGAQ","Document","false","true","false","false","false","false","00e1a000000MWaHAAW","true"
"1104100000OF679AAD","0PS41000000w23DGAQ","Idea","true","true","false","false","false","false","00e1a000000MWaHAAW","true"
"1104100000OF671AAD","0PS41000000w23DGAQ","Pricebook2","false","true","false","false","false","false","00e1a000000MWaHAAW","true"
"1104100000OF678AAD","0PS41000000w23DGAQ","Product2","false","true","false","false","false","false","00e1a000000MWaHAAW","true"
"1104100000OF67RAAT","0PS41000000w23EGAQ","Account","true","true","true","false","false","false","00e1a000000MWaIAAW","true"
"1104100000OF67PAAT","0PS41000000w23EGAQ","Asset","true","true","true","false","false","false","00e1a000000MWaIAAW","true"
"1104100000OF67WAAT","0PS41000000w23EGAQ","Campaign","false","true","false","false","false","false","00e1a000000MWaIAAW","true"
"1104100000OF67BAAT","0PS41000000w23EGAQ","Case","true","true","true","false","false","false","00e1a000000MWaIAAW","true"
"1104100000OF67QAAT","0PS41000000w23EGAQ","Contact","true","true","true","false","false","false","00e1a000000MWaIAAW","true"
"1104100000OF67AAAT","0PS41000000w23EGAQ","Contract","true","true","true","true","false","false","00e1a000000MWaIAAW","true"
"1104100000OF67KAAT","0PS41000000w23EGAQ","DandBCompany","false","true","false","false","false","false","00e1a000000MWaIAAW","true"
"1104100000OF67TAAT","0PS41000000w23EGAQ","Document","false","true","false","false","false","false","00e1a000000MWaIAAW","true"
"1104100000OF67LAAT","0PS41000000w23EGAQ","Idea","true","true","false","false","false","false","00e1a000000MWaIAAW","true"
"1104100000OF67HAAT","0PS41000000w23EGAQ","Lead","true","true","true","false","false","false","00e1a000000MWaIAAW","true"
"1104100000OF67MAAT","0PS41000000w23EGAQ","Opportunity","true","true","true","false","false","false","00e1a000000MWaIAAW","true"
"1104100000OF67OAAT","0PS41000000w23EGAQ","Order","true","true","true","true","false","false","00e1a000000MWaIAAW","true"
"1104100000OF67SAAT","0PS41000000w23EGAQ","Pricebook2","false","true","false","false","false","false","00e1a000000MWaIAAW","true"
"1104100000OF67JAAT","0PS41000000w23EGAQ","Product2","false","true","false","false","false","false","00e1a000000MWaIAAW","true"
"1104100000OF67VAAT","0PS41000000w23EGAQ","PushTopic","false","true","false","false","false","false","00e1a000000MWaIAAW","true"
"1104100000OF67UAAT","0PS41000000w23EGAQ","Solution","false","true","false","false","false","false","00e1a000000MWaIAAW","true"
"1104100000OF67hAAD","0PS41000000w23FGAQ","Account","false","true","true","false","false","false","00e1a000000MWaJAAW","true"
"1104100000OF67aAAD","0PS41000000w23FGAQ","Asset","true","true","true","false","false","false","00e1a000000MWaJAAW","true"
"1104100000OF67YAAT","0PS41000000w23FGAQ","Case","true","true","true","false","false","false","00e1a000000MWaJAAW","true"
"1104100000OF67mAAD","0PS41000000w23FGAQ","Contact","false","true","false","false","false","false","00e1a000000MWaJAAW","true"
"1104100000OF67XAAT","0PS41000000w23FGAQ","Contract","true","true","true","true","false","false","00e1a000000MWaJAAW","true"
"1104100000OF67eAAD","0PS41000000w23FGAQ","Document","false","true","false","false","false","false","00e1a000000MWaJAAW","true"
"1104100000OF67kAAD","0PS41000000w23FGAQ","Idea","true","true","false","false","false","false","00e1a000000MWaJAAW","true"
"1104100000OF67cAAD","0PS41000000w23FGAQ","Order","true","true","true","true","false","false","00e1a000000MWaJAAW","true"
"1104100000OF67ZAAT","0PS41000000w23FGAQ","Pricebook2","false","true","false","false","false","false","00e1a000000MWaJAAW","true"
"1104100000OF67jAAD","0PS41000000w23FGAQ","Product2","false","true","false","false","false","false","00e1a000000MWaJAAW","true"
"1104100000OF67gAAD","0PS41000000w23FGAQ","Solution","false","true","false","false","false","false","00e1a000000MWaJAAW","true"
"1104100000OF687AAD","0PS41000000w23GGAQ","Account","true","true","true","true","true","true","00e1a000000MWaKAAW","true"
"1104100000OF68AAAT","0PS41000000w23GGAQ","Contact","true","true","true","true","true","true","00e1a000000MWaKAAW","true"
"1104100000OF684AAD","0PS41000000w23GGAQ","DandBCompany","false","true","false","false","false","false","00e1a000000MWaKAAW","true"
"1104100000OF67rAAD","0PS41000000w23GGAQ","Document","true","true","true","true","true","true","00e1a000000MWaKAAW","true"
"1104100000OF67sAAD","0PS41000000w23GGAQ","Goal","true","true","true","true","false","false","00e1a000000MWaKAAW","true"
"1104100000OF686AAD","0PS41000000w23GGAQ","GoalLink","true","true","true","true","false","false","00e1a000000MWaKAAW","true"
"1104100000OF685AAD","0PS41000000w23GGAQ","Idea","true","true","false","false","false","false","00e1a000000MWaKAAW","true"
"1104100000OF67zAAD","0PS41000000w23GGAQ","Metric","true","true","true","true","false","false","00e1a000000MWaKAAW","true"
"1104100000OF681AAD","0PS41000000w23GGAQ","MetricDataLink","true","true","true","true","false","false","00e1a000000MWaKAAW","true"
"1104100000OF67wAAD","0PS41000000w23GGAQ","PushTopic","true","true","true","true","false","false","00e1a000000MWaKAAW","true"
"1104100000OF67uAAD","0PS41000000w23GGAQ","WorkCoaching","true","true","true","false","false","false","00e1a000000MWaKAAW","true"
"1104100000OF680AAD","0PS41000000w23GGAQ","WorkFeedback","true","true","true","false","false","false","00e1a000000MWaKAAW","true"
"1104100000OF67yAAD","0PS41000000w23GGAQ","WorkFeedbackQuestion","true","true","true","false","false","false","00e1a000000MWaKAAW","true"
"1104100000OF67tAAD","0PS41000000w23GGAQ","WorkFeedbackQuestionSet","true","true","true","false","false","false","00e1a000000MWaKAAW","true"
"1104100000OF682AAD","0PS41000000w23GGAQ","WorkFeedbackRequest","true","true","true","false","false","false","00e1a000000MWaKAAW","true"
"1104100000OF67pAAD","0PS41000000w23GGAQ","WorkFeedbackTemplate","true","true","true","false","false","false","00e1a000000MWaKAAW","true"
"1104100000OF68HAAT","0PS41000000w23GGAQ","WorkPerformanceCycle","false","true","false","false","false","false","00e1a000000MWaKAAW","true"
"1104100000OF68VAAT","0PS41000000w23HGAQ","Account","true","true","true","false","false","false","00e1a000000MWaLAAW","true"
"1104100000OF68MAAT","0PS41000000w23HGAQ","Asset","true","true","true","false","false","false","00e1a000000MWaLAAW","true"
"1104100000OF68KAAT","0PS41000000w23HGAQ","Case","true","true","true","false","false","false","00e1a000000MWaLAAW","true"
"1104100000OF68OAAT","0PS41000000w23HGAQ","Contact","true","true","true","false","false","false","00e1a000000MWaLAAW","true"
"1104100000OF68JAAT","0PS41000000w23HGAQ","Contract","true","true","true","true","false","false","00e1a000000MWaLAAW","true"
"1104100000OF68SAAT","0PS41000000w23HGAQ","Document","false","true","false","false","false","false","00e1a000000MWaLAAW","true"
"1104100000OF68YAAT","0PS41000000w23HGAQ","Idea","true","true","false","false","false","false","00e1a000000MWaLAAW","true"
"1104100000OF68PAAT","0PS41000000w23HGAQ","Order","true","true","true","true","false","false","00e1a000000MWaLAAW","true"
"1104100000OF68LAAT","0PS41000000w23HGAQ","Pricebook2","false","true","false","false","false","false","00e1a000000MWaLAAW","true"
"1104100000OF68XAAT","0PS41000000w23HGAQ","Product2","false","true","false","false","false","false","00e1a000000MWaLAAW","true"
"1104100000OF68UAAT","0PS41000000w23HGAQ","Solution","false","true","false","false","false","false","00e1a000000MWaLAAW","true"
"1104100000OF68qAAD","0PS41000000w23IGAQ","Account","true","true","true","true","true","true","00e1a000000MWaMAAW","true"
"1104100000OF68sAAD","0PS41000000w23IGAQ","Contact","true","true","true","true","true","true","00e1a000000MWaMAAW","true"
"1104100000OF68nAAD","0PS41000000w23IGAQ","DandBCompany","false","true","false","false","false","false","00e1a000000MWaMAAW","true"
"1104100000OF68bAAD","0PS41000000w23IGAQ","Document","true","true","true","true","true","true","00e1a000000MWaMAAW","true"
"1104100000OF68cAAD","0PS41000000w23IGAQ","Goal","true","true","true","true","false","false","00e1a000000MWaMAAW","true"
"1104100000OF68pAAD","0PS41000000w23IGAQ","GoalLink","true","true","true","true","false","false","00e1a000000MWaMAAW","true"
"1104100000OF68oAAD","0PS41000000w23IGAQ","Idea","true","true","false","false","false","false","00e1a000000MWaMAAW","true"
"1104100000OF68iAAD","0PS41000000w23IGAQ","Metric","true","true","true","true","false","false","00e1a000000MWaMAAW","true"
"1104100000OF68kAAD","0PS41000000w23IGAQ","MetricDataLink","true","true","true","true","false","false","00e1a000000MWaMAAW","true"
"1104100000OF68fAAD","0PS41000000w23IGAQ","PushTopic","true","true","true","true","false","false","00e1a000000MWaMAAW","true"
"1104100000OF68eAAD","0PS41000000w23IGAQ","WorkCoaching","true","true","true","false","false","false","00e1a000000MWaMAAW","true"
"1104100000OF68jAAD","0PS41000000w23IGAQ","WorkFeedback","true","true","true","false","false","false","00e1a000000MWaMAAW","true"
"1104100000OF68hAAD","0PS41000000w23IGAQ","WorkFeedbackQuestion","true","true","true","false","false","false","00e1a000000MWaMAAW","true"
"1104100000OF68dAAD","0PS41000000w23IGAQ","WorkFeedbackQuestionSet","true","true","true","false","false","false","00e1a000000MWaMAAW","true"
"1104100000OF68lAAD","0PS41000000w23IGAQ","WorkFeedbackRequest","true","true","true","false","false","false","00e1a000000MWaMAAW","true"
"1104100000OF68ZAAT","0PS41000000w23IGAQ","WorkFeedbackTemplate","true","true","true","false","false","false","00e1a000000MWaMAAW","true"
"1104100000OF68yAAD","0PS41000000w23IGAQ","WorkPerformanceCycle","false","true","false","false","false","false","00e1a000000MWaMAAW","true"
"1104100000OF6QiAAL","0PS41000000w23JGAQ","Account","false","true","true","false","false","false","00e1a000000MWaNAAW","true"
"1104100000OF6QjAAL","0PS41000000w23JGAQ","Asset","true","true","true","false","false","false","00e1a000000MWaNAAW","true"
"1104100000OF6QlAAL","0PS41000000w23JGAQ","Contact","true","true","true","false","false","false","00e1a000000MWaNAAW","true"
"1104100000OF692AAD","0PS41000000w23JGAQ","Document","false","true","false","false","false","false","00e1a000000MWaNAAW","true"
"1104100000OF69KAAT","0PS41000000w23KGAQ","Account","true","true","true","false","false","false","00e1a000000MWaOAAW","true"
"1104100000OF69IAAT","0PS41000000w23KGAQ","Asset","true","true","true","false","false","false","00e1a000000MWaOAAW","true"
"1104100000OF69OAAT","0PS41000000w23KGAQ","Campaign","false","true","false","false","false","false","00e1a000000MWaOAAW","true"
"1104100000OF694AAD","0PS41000000w23KGAQ","Case","true","true","true","false","false","false","00e1a000000MWaOAAW","true"
"1104100000OF69JAAT","0PS41000000w23KGAQ","Contact","true","true","true","false","false","false","00e1a000000MWaOAAW","true"
"1104100000OF693AAD","0PS41000000w23KGAQ","Contract","true","true","true","true","false","false","00e1a000000MWaOAAW","true"
"1104100000OF69DAAT","0PS41000000w23KGAQ","DandBCompany","false","true","false","false","false","false","00e1a000000MWaOAAW","true"
"1104100000OF69MAAT","0PS41000000w23KGAQ","Document","false","true","false","false","false","false","00e1a000000MWaOAAW","true"
"1104100000OF69EAAT","0PS41000000w23KGAQ","Idea","true","true","false","false","false","false","00e1a000000MWaOAAW","true"
"1104100000OF69AAAT","0PS41000000w23KGAQ","Lead","true","true","true","false","false","false","00e1a000000MWaOAAW","true"
"1104100000OF69FAAT","0PS41000000w23KGAQ","Opportunity","true","true","true","false","false","false","00e1a000000MWaOAAW","true"
"1104100000OF69HAAT","0PS41000000w23KGAQ","Order","true","true","true","true","false","false","00e1a000000MWaOAAW","true"
"1104100000OF69LAAT","0PS41000000w23KGAQ","Pricebook2","false","true","false","false","false","false","00e1a000000MWaOAAW","true"
"1104100000OF69CAAT","0PS41000000w23KGAQ","Product2","false","true","false","false","false","false","00e1a000000MWaOAAW","true"
"1104100000OF69NAAT","0PS41000000w23KGAQ","Solution","false","true","false","false","false","false","00e1a000000MWaOAAW","true"
"1104100000OF69gAAD","0PS41000000w23LGAQ","Account","true","true","true","false","false","false","00e1a000000MWaPAAW","true"
"1104100000OF69eAAD","0PS41000000w23LGAQ","Asset","true","true","true","false","false","false","00e1a000000MWaPAAW","true"
"1104100000OF69kAAD","0PS41000000w23LGAQ","Campaign","false","true","false","false","false","false","00e1a000000MWaPAAW","true"
"1104100000OF69QAAT","0PS41000000w23LGAQ","Case","true","true","true","false","false","false","00e1a000000MWaPAAW","true"
"1104100000OF69fAAD","0PS41000000w23LGAQ","Contact","true","true","true","false","false","false","00e1a000000MWaPAAW","true"
"1104100000OF69PAAT","0PS41000000w23LGAQ","Contract","true","true","true","true","false","false","00e1a000000MWaPAAW","true"
"1104100000OF69ZAAT","0PS41000000w23LGAQ","DandBCompany","false","true","false","false","false","false","00e1a000000MWaPAAW","true"
"1104100000OF69iAAD","0PS41000000w23LGAQ","Document","false","true","false","false","false","false","00e1a000000MWaPAAW","true"
"1104100000OF69aAAD","0PS41000000w23LGAQ","Idea","true","true","false","false","false","false","00e1a000000MWaPAAW","true"
"1104100000OF69WAAT","0PS41000000w23LGAQ","Lead","true","true","true","false","false","false","00e1a000000MWaPAAW","true"
"1104100000OF69bAAD","0PS41000000w23LGAQ","Opportunity","true","true","true","false","false","false","00e1a000000MWaPAAW","true"
"1104100000OF69dAAD","0PS41000000w23LGAQ","Order","true","true","true","true","false","false","00e1a000000MWaPAAW","true"
"1104100000OF69hAAD","0PS41000000w23LGAQ","Pricebook2","false","true","false","false","false","false","00e1a000000MWaPAAW","true"
"1104100000OF69YAAT","0PS41000000w23LGAQ","Product2","false","true","false","false","false","false","00e1a000000MWaPAAW","true"
"1104100000OF69jAAD","0PS41000000w23LGAQ","Solution","false","true","false","false","false","false","00e1a000000MWaPAAW","true"
"1104100000OF69wAAD","0PS41000000w23MGAQ","Account","false","true","true","false","false","false","00e1a000000MWaQAAW","true"
"1104100000OF69oAAD","0PS41000000w23MGAQ","Asset","true","true","true","false","false","false","00e1a000000MWaQAAW","true"
"1104100000OF69mAAD","0PS41000000w23MGAQ","Case","true","true","true","false","false","false","00e1a000000MWaQAAW","true"
"1104100000OF69pAAD","0PS41000000w23MGAQ","Contact","true","true","true","false","false","false","00e1a000000MWaQAAW","true"
"1104100000OF69lAAD","0PS41000000w23MGAQ","Contract","true","true","true","true","false","false","00e1a000000MWaQAAW","true"
"1104100000OF69tAAD","0PS41000000w23MGAQ","Document","false","true","false","false","false","false","00e1a000000MWaQAAW","true"
"1104100000OF69zAAD","0PS41000000w23MGAQ","Idea","true","true","false","false","false","false","00e1a000000MWaQAAW","true"
"1104100000OF69qAAD","0PS41000000w23MGAQ","Order","true","true","true","true","false","false","00e1a000000MWaQAAW","true"
"1104100000OF69nAAD","0PS41000000w23MGAQ","Pricebook2","false","true","false","false","false","false","00e1a000000MWaQAAW","true"
"1104100000OF69yAAD","0PS41000000w23MGAQ","Product2","false","true","false","false","false","false","00e1a000000MWaQAAW","true"
"1104100000OF69vAAD","0PS41000000w23MGAQ","Solution","false","true","false","false","false","false","00e1a000000MWaQAAW","true"
"1104100000OF6A0AAL","0PS41000000w23NGAQ","Document","true","true","true","true","true","true","00e1a000000MWaRAAW","true"
"1104100000OF6JyAAL","0PS41000000w23SGAQ","Account","false","true","true","false","false","false","00e1a000000N1LRAA0","true"
"1104100000OF6JqAAL","0PS41000000w23SGAQ","Asset","true","true","true","false","false","false","00e1a000000N1LRAA0","true"
"1104100000OF6JoAAL","0PS41000000w23SGAQ","Case","true","true","true","false","false","false","00e1a000000N1LRAA0","true"
"1104100000OF6JrAAL","0PS41000000w23SGAQ","Contact","true","true","true","false","false","false","00e1a000000N1LRAA0","true"
"1104100000OF6JnAAL","0PS41000000w23SGAQ","Contract","true","true","true","true","false","false","00e1a000000N1LRAA0","true"
"1104100000OF6JvAAL","0PS41000000w23SGAQ","Document","false","true","false","false","false","false","00e1a000000N1LRAA0","true"
"1104100000OF6K2AAL","0PS41000000w23SGAQ","Idea","true","true","false","false","false","false","00e1a000000N1LRAA0","true"
"1104100000OF6JsAAL","0PS41000000w23SGAQ","Order","true","true","true","true","false","false","00e1a000000N1LRAA0","true"
"1104100000OF6JpAAL","0PS41000000w23SGAQ","Pricebook2","false","true","false","false","false","false","00e1a000000N1LRAA0","true"
"1104100000OF6K1AAL","0PS41000000w23SGAQ","Product2","false","true","false","false","false","false","00e1a000000N1LRAA0","true"
"1104100000OF6JxAAL","0PS41000000w23SGAQ","Solution","false","true","false","false","false","false","00e1a000000N1LRAA0","true"
"1104100000OF6LqAAL","0PS41000000w23TGAQ","Account","false","true","false","false","false","false","00e1a000000N1LSAA0","true"
"1104100000OF6LmAAL","0PS41000000w23TGAQ","Contract","true","true","true","true","false","false","00e1a000000N1LSAA0","true"
"1104100000OF6LpAAL","0PS41000000w23TGAQ","Document","false","true","false","false","false","false","00e1a000000N1LSAA0","true"
"1104100000OF6LuAAL","0PS41000000w23TGAQ","Idea","true","true","false","false","false","false","00e1a000000N1LSAA0","true"
"1104100000OF6LoAAL","0PS41000000w23TGAQ","Order","true","true","true","true","false","false","00e1a000000N1LSAA0","true"
"1104100000OF6LnAAL","0PS41000000w23TGAQ","Pricebook2","false","true","false","false","false","false","00e1a000000N1LSAA0","true"
"1104100000OF6LtAAL","0PS41000000w23TGAQ","Product2","false","true","false","false","false","false","00e1a000000N1LSAA0","true"
"1104100000OF6OGAA1","0PS41000000w23UGAQ","Account","false","true","false","false","true","false","00e1a000000N1wKAAS","true"
"1104100000OF6OCAA1","0PS41000000w23UGAQ","Asset","false","true","false","false","true","false","00e1a000000N1wKAAS","true"
"1104100000OF6NTAA1","0PS41000000w23UGAQ","Campaign","false","true","false","false","true","false","00e1a000000N1wKAAS","true"
"1104100000OF6NFAA1","0PS41000000w23UGAQ","Case","false","true","false","false","true","false","00e1a000000N1wKAAS","true"
"1104100000OF6NtAAL","0PS41000000w23UGAQ","Contact","false","true","false","false","true","false","00e1a000000N1wKAAS","true"
"1104100000OF6OJAA1","0PS41000000w23UGAQ","Contract","false","true","false","false","true","false","00e1a000000N1wKAAS","true"
"1104100000OF6NIAA1","0PS41000000w23UGAQ","DandBCompany","true","true","true","true","true","true","00e1a000000N1wKAAS","true"
"1104100000OF6O4AAL","0PS41000000w23UGAQ","Document","false","true","false","false","true","false","00e1a000000N1wKAAS","true"
"1104100000OF6NzAAL","0PS41000000w23UGAQ","Goal","false","true","false","false","true","false","00e1a000000N1wKAAS","true"
"1104100000OF6NeAAL","0PS41000000w23UGAQ","GoalLink","false","true","false","false","true","false","00e1a000000N1wKAAS","true"
"1104100000OF6NwAAL","0PS41000000w23UGAQ","Idea","false","true","false","false","true","false","00e1a000000N1wKAAS","true"
"1104100000OF6ONAA1","0PS41000000w23UGAQ","Lead","false","true","false","false","true","false","00e1a000000N1wKAAS","true"
"1104100000OF6ORAA1","0PS41000000w23UGAQ","Metric","false","true","false","false","true","false","00e1a000000N1wKAAS","true"
"1104100000OF6NnAAL","0PS41000000w23UGAQ","MetricDataLink","false","true","false","false","true","false","00e1a000000N1wKAAS","true"
"1104100000OF6OEAA1","0PS41000000w23UGAQ","Opportunity","false","true","false","false","true","false","00e1a000000N1wKAAS","true"
"1104100000OF6OHAA1","0PS41000000w23UGAQ","Order","false","true","false","false","true","false","00e1a000000N1wKAAS","true"
"1104100000OF6NbAAL","0PS41000000w23UGAQ","Pricebook2","false","true","false","false","true","false","00e1a000000N1wKAAS","true"
"1104100000OF6NPAA1","0PS41000000w23UGAQ","Product2","false","true","false","false","true","false","00e1a000000N1wKAAS","true"
"1104100000OF6NkAAL","0PS41000000w23UGAQ","PushTopic","false","true","false","false","true","false","00e1a000000N1wKAAS","true"
"1104100000OF6OAAA1","0PS41000000w23UGAQ","Solution","false","true","false","false","true","false","00e1a000000N1wKAAS","true"
"1104100000OF6NCAA1","0PS41000000w23UGAQ","StreamingChannel","false","true","false","false","true","false","00e1a000000N1wKAAS","true"
"1104100000OF6NJAA1","0PS41000000w23UGAQ","WorkCoaching","false","true","false","false","true","false","00e1a000000N1wKAAS","true"
"1104100000OF6O8AAL","0PS41000000w23UGAQ","WorkFeedback","true","true","true","false","false","false","00e1a000000N1wKAAS","true"
"1104100000OF6NpAAL","0PS41000000w23UGAQ","WorkFeedbackQuestion","true","true","true","false","false","false","00e1a000000N1wKAAS","true"
"1104100000OF6NfAAL","0PS41000000w23UGAQ","WorkFeedbackQuestionSet","true","true","true","false","false","false","00e1a000000N1wKAAS","true"
"1104100000OF6NiAAL","0PS41000000w23UGAQ","WorkFeedbackRequest","true","true","true","false","false","false","00e1a000000N1wKAAS","true"
"1104100000OF6OMAA1","0PS41000000w23UGAQ","WorkFeedbackTemplate","false","true","false","false","true","false","00e1a000000N1wKAAS","true"
"1104100000OF6NxAAL","0PS41000000w23UGAQ","WorkPerformanceCycle","false","true","false","false","false","false","00e1a000000N1wKAAS","true"
"1104100000eTxESAA0","0PS41000000w23VGAQ","notificator__NotificatorLicense__c","false","true","false","false","true","false","00e1a000000N1wLAAS","true"
"1104100000eTxETAA0","0PS41000000w23VGAQ","notificator__NotificatorSetting__c","false","true","false","false","true","false","00e1a000000N1wLAAS","true"
"1104100000eTxEUAA0","0PS41000000w23VGAQ","notificator__NotificatorStorage__c","false","true","false","false","true","false","00e1a000000N1wLAAS","true"
"1104100000OF6PXAA1","0PS41000000w23VGAQ","Account","false","true","false","false","true","false","00e1a000000N1wLAAS","true"
"1104100000OF6PTAA1","0PS41000000w23VGAQ","Asset","false","true","false","false","true","false","00e1a000000N1wLAAS","true"
"1104100000OF6OkAAL","0PS41000000w23VGAQ","Campaign","false","true","false","false","true","false","00e1a000000N1wLAAS","true"
"1104100000OF6OWAA1","0PS41000000w23VGAQ","Case","false","true","false","false","true","false","00e1a000000N1wLAAS","true"
"1104100000OF6PAAA1","0PS41000000w23VGAQ","Contact","false","true","false","false","true","false","00e1a000000N1wLAAS","true"
"1104100000OF6PaAAL","0PS41000000w23VGAQ","Contract","false","true","false","false","true","false","00e1a000000N1wLAAS","true"
"1104100000OF6OZAA1","0PS41000000w23VGAQ","DandBCompany","true","true","true","true","true","true","00e1a000000N1wLAAS","true"
"1104100000OF6PLAA1","0PS41000000w23VGAQ","Document","false","true","false","false","true","false","00e1a000000N1wLAAS","true"
"1104100000OF6PlAAL","0PS41000000w23VGAQ","DuplicateRecordSet","false","true","false","false","true","false","00e1a000000N1wLAAS","true"
"1104100000OF6PGAA1","0PS41000000w23VGAQ","Goal","false","true","false","false","true","false","00e1a000000N1wLAAS","true"
"1104100000OF6OvAAL","0PS41000000w23VGAQ","GoalLink","false","true","false","false","true","false","00e1a000000N1wLAAS","true"
"1104100000OF6PDAA1","0PS41000000w23VGAQ","Idea","false","true","false","false","true","false","00e1a000000N1wLAAS","true"
"1104100000OF6PeAAL","0PS41000000w23VGAQ","Lead","false","true","false","false","true","false","00e1a000000N1wLAAS","true"
"1104100000OF9djAAD","0PS41000000w23VGAQ","Macro","false","true","false","false","true","false","00e1a000000N1wLAAS","true"
"1104100000OF6PiAAL","0PS41000000w23VGAQ","Metric","false","true","false","false","true","false","00e1a000000N1wLAAS","true"
"1104100000OF6P4AAL","0PS41000000w23VGAQ","MetricDataLink","false","true","false","false","true","false","00e1a000000N1wLAAS","true"
"1104100000OF6PVAA1","0PS41000000w23VGAQ","Opportunity","false","true","false","false","true","false","00e1a000000N1wLAAS","true"
"1104100000OF6PYAA1","0PS41000000w23VGAQ","Order","false","true","false","false","true","false","00e1a000000N1wLAAS","true"
"1104100000OF6OsAAL","0PS41000000w23VGAQ","Pricebook2","false","true","false","false","true","false","00e1a000000N1wLAAS","true"
"1104100000OF6OgAAL","0PS41000000w23VGAQ","Product2","false","true","false","false","true","false","00e1a000000N1wLAAS","true"
"1104100000OF6P1AAL","0PS41000000w23VGAQ","PushTopic","false","true","false","false","true","false","00e1a000000N1wLAAS","true"
"1104100000OF6PRAA1","0PS41000000w23VGAQ","Solution","false","true","false","false","true","false","00e1a000000N1wLAAS","true"
"1104100000OF6OTAA1","0PS41000000w23VGAQ","StreamingChannel","false","true","false","false","true","false","00e1a000000N1wLAAS","true"
"1104100000OF6OaAAL","0PS41000000w23VGAQ","WorkCoaching","false","true","false","false","true","false","00e1a000000N1wLAAS","true"
"1104100000OF6PPAA1","0PS41000000w23VGAQ","WorkFeedback","true","true","true","false","true","false","00e1a000000N1wLAAS","true"
"1104100000OF6P6AAL","0PS41000000w23VGAQ","WorkFeedbackQuestion","true","true","true","false","true","false","00e1a000000N1wLAAS","true"
"1104100000OF6OwAAL","0PS41000000w23VGAQ","WorkFeedbackQuestionSet","true","true","true","false","true","false","00e1a000000N1wLAAS","true"
"1104100000OF6OzAAL","0PS41000000w23VGAQ","WorkFeedbackRequest","true","true","true","false","true","false","00e1a000000N1wLAAS","true"
"1104100000OF6PdAAL","0PS41000000w23VGAQ","WorkFeedbackTemplate","false","true","false","false","true","false","00e1a000000N1wLAAS","true"
"1104100000OF6PEAA1","0PS41000000w23VGAQ","WorkPerformanceCycle","false","true","false","false","true","false","00e1a000000N1wLAAS","true"
"1104100000OF65kAAD","0PS41000000w23XGAQ","Account","true","true","true","true","false","false","00e1a000000MWaAAAW","true"
"1104100000OF65jAAD","0PS41000000w23XGAQ","Contact","true","true","true","true","false","false","00e1a000000MWaAAAW","true"
"1104100000SOpx4AAD","0PS410000015knVGAQ","Idea","false","true","false","false","false","false","00e41000001CFyGAAW","true"
"1104100000SOpyCAAT","0PS410000015knWGAQ","Idea","false","true","false","false","false","false","00e41000001CFyHAAW","true"
"00000000w2320WDAAY","0PS41000000w232GAA","WorkCoaching","true","true","true","true","true","true","00ex00000018ozh_128_09_04_12_1","true"
"00000000w2320GKAAY","0PS41000000w232GAA","DuplicateRecordSet","true","true","true","true","true","true","00ex00000018ozh_128_09_04_12_1","true"
"00000000w2320WIAAY","0PS41000000w232GAA","Goal","true","true","true","true","true","true","00ex00000018ozh_128_09_04_12_1","true"
"00000000w2320WJAAY","0PS41000000w232GAA","Metric","true","true","true","true","true","true","00ex00000018ozh_128_09_04_12_1","true"
"00000000w2320WKAAY","0PS41000000w232GAA","GoalLink","true","true","true","true","true","true","00ex00000018ozh_128_09_04_12_1","true"
"00000000w2320WMAAY","0PS41000000w232GAA","MetricDataLink","true","true","true","true","true","true","00ex00000018ozh_128_09_04_12_1","true"
"00000000w2320W7AAI","0PS41000000w232GAA","WorkPerformanceCycle","true","true","true","true","true","true","00ex00000018ozh_128_09_04_12_1","true"
"00000000w232501AAA","0PS41000000w232GAA","Solution","true","true","true","true","true","true","00ex00000018ozh_128_09_04_12_1","true"
"00000000w2320W8AAI","0PS41000000w232GAA","WorkFeedbackQuestionSet","true","true","true","true","true","true","00ex00000018ozh_128_09_04_12_1","true"
"00000000w2320WAAAY","0PS41000000w232GAA","WorkFeedbackQuestion","true","true","true","true","true","true","00ex00000018ozh_128_09_04_12_1","true"
"00000000w2320WBAAY","0PS41000000w232GAA","WorkFeedback","true","true","true","true","true","true","00ex00000018ozh_128_09_04_12_1","true"
"00000000w2320WCAAY","0PS41000000w232GAA","WorkFeedbackRequest","true","true","true","true","true","true","00ex00000018ozh_128_09_04_12_1","true"
"00000000w2320WLAAY","0PS41000000w232GAA","WorkFeedbackTemplate","true","true","true","true","true","true","00ex00000018ozh_128_09_04_12_1","true"
"00000000w2320IFAAY","0PS41000000w232GAA","PushTopic","true","true","true","true","false","false","00ex00000018ozh_128_09_04_12_1","true"
"00000000w23201sAAA","0PS41000000w232GAA","Pricebook2","true","true","true","true","false","false","00ex00000018ozh_128_09_04_12_1","true"
"00000000w23206EAAQ","0PS41000000w232GAA","DandBCompany","true","true","true","true","true","true","00ex00000018ozh_128_09_04_12_1","true"
"00000000w232087AAA","0PS41000000w232GAA","Idea","true","true","true","true","false","false","00ex00000018ozh_128_09_04_12_1","true"
"00000000w232701AAA","0PS41000000w232GAA","Campaign","true","true","true","true","true","true","00ex00000018ozh_128_09_04_12_1","true"
"00000000w2320M6AAI","0PS41000000w232GAA","StreamingChannel","true","true","true","true","true","true","00ex00000018ozh_128_09_04_12_1","true"
"00000000w23201tAAA","0PS41000000w232GAA","Product2","true","true","true","true","false","false","00ex00000018ozh_128_09_04_12_1","true"
"00000000w23202iAAA","0PS41000000w232GAA","Asset","true","true","true","true","true","true","00ex00000018ozh_128_09_04_12_1","true"
"00000000w232001AAA","0PS41000000w232GAA","Account","true","true","true","true","true","true","00ex00000018ozh_128_09_04_12_1","true"
"00000000w232003AAA","0PS41000000w232GAA","Contact","true","true","true","true","true","true","00ex00000018ozh_128_09_04_12_1","true"
"00000000w232500AAA","0PS41000000w232GAA","Case","true","true","true","true","true","true","00ex00000018ozh_128_09_04_12_1","true"
"00000000w232015AAA","0PS41000000w232GAA","Document","true","true","true","true","true","true","00ex00000018ozh_128_09_04_12_1","true"
"00000000w23200QAAQ","0PS41000000w232GAA","Lead","true","true","true","true","true","true","00ex00000018ozh_128_09_04_12_1","true"
"00000000w232006AAA","0PS41000000w232GAA","Opportunity","true","true","true","true","true","true","00ex00000018ozh_128_09_04_12_1","true"
"00000000w2320JZAAY","0PS41000000w232GAA","Macro","true","true","true","true","true","true","00ex00000018ozh_128_09_04_12_1","true"
"00000000w232801AAA","0PS41000000w232GAA","Order","true","true","true","true","true","true","00ex00000018ozh_128_09_04_12_1","true"
"00000000w232800AAA","0PS41000000w232GAA","Contract","true","true","true","true","true","true","00ex00000018ozh_128_09_04_12_1","true"
"00000000w232a0EAAQ","0PS41000000w232GAA","notificator__NotificatorLicense__c","true","true","true","true","true","true","00ex00000018ozh_128_09_04_12_1","true"
"00000000w232a0FAAQ","0PS41000000w232GAA","notificator__NotificatorSetting__c","true","true","true","true","true","true","00ex00000018ozh_128_09_04_12_1","true"
"00000000w232a0GAAQ","0PS41000000w232GAA","notificator__NotificatorStorage__c","true","true","true","true","true","true","00ex00000018ozh_128_09_04_12_1","true"
